,country,rank,rating,games,birth_year,ranking_year
0,ARM,62.0,2624.75,18.5,1961.75,2000.0
1,BEL,23.0,2670.0,32.0,1959.0,2000.0
2,BIH,50.25,2634.0,14.25,1964.0,2000.0
3,BLR,59.0,2627.3333333333335,10.0,1972.3333333333333,2000.0
4,BRA,44.0,2638.5,29.0,1963.0,2000.0
5,BUL,16.25,2687.25,11.25,1970.0,2000.0
6,CHN,48.36363636363637,2640.5454545454545,43.09090909090909,1969.6363636363637,2000.0
7,CRO,73.0,2610.75,15.0,1964.5,2000.0
8,CZE,50.75,2637.0,29.25,1974.0,2000.0
9,DEN,64.0,2616.5,22.5,1964.0,2000.0
10,ENG,36.7,2663.7,20.0,1965.8,2000.0
11,ESP,6.0,2746.0,16.5,1972.0,2000.0
12,EST,53.0,2627.5,41.5,1962.0,2000.0
13,FRA,55.375,2629.75,13.0,1970.25,2000.0
14,GEO,55.75,2637.25,1.75,1962.0,2000.0
15,GER,75.3,2610.6,16.6,1962.4,2000.0
16,HUN,20.166666666666668,2689.8333333333335,16.833333333333332,1977.0,2000.0
17,IND,34.333333333333336,2710.0,21.666666666666668,1973.0,2000.0
18,ISR,46.5,2641.8,17.3,1969.8,2000.0
19,KAZ,76.0,2609.5,47.0,1957.0,2000.0
20,LTU,100.0,2593.0,17.0,1963.0,2000.0
21,MDA,68.25,2620.0,34.75,1974.0,2000.0
22,NED,50.25,2633.375,26.75,1966.25,2000.0
23,PER,85.0,2605.0,0.0,1967.0,2000.0
24,POL,10.0,2702.0,30.5,1963.0,2000.0
25,RUS,49.42857142857143,2652.5102040816328,17.816326530612244,1969.2857142857142,2000.0
26,SLO,42.0,2641.5,46.5,1953.0,2000.0
27,SUI,56.5,2626.0,21.25,1951.5,2000.0
28,SVK,77.0,2608.0,14.5,1957.0,2000.0
29,SWE,42.0,2641.0,10.5,1951.0,2000.0
30,UKR,56.63636363636363,2635.090909090909,16.636363636363637,1971.4545454545455,2000.0
31,USA,61.0,2624.222222222222,24.22222222222222,1958.2222222222222,2000.0
32,UZB,26.25,2666.75,26.0,1970.5,2000.0
0,ARM,53.214285714285715,2632.8571428571427,14.5,1962.857142857143,2001.0
1,BEL,50.666666666666664,2639.0,30.166666666666668,1962.3333333333333,2001.0
2,BIH,33.666666666666664,2655.3333333333335,24.5,1964.0,2001.0
3,BLR,69.5,2618.1666666666665,18.333333333333332,1972.6666666666667,2001.0
4,BRA,73.25,2610.0,13.0,1963.0,2001.0
5,BUL,21.2,2686.5,24.6,1970.2,2001.0
6,CHN,39.75,2650.3125,15.8125,1968.25,2001.0
7,CRO,90.0,2600.0,24.5,1968.5,2001.0
8,CUB,99.0,2596.0,11.0,1983.0,2001.0
9,CZE,60.5,2625.625,18.25,1974.0,2001.0
10,DEN,62.0,2619.4,14.2,1965.8,2001.0
11,ENG,48.27777777777778,2655.0555555555557,13.38888888888889,1966.2777777777778,2001.0
12,ESP,23.5,2685.5,23.833333333333332,1975.3333333333333,2001.0
13,EST,55.0,2630.25,20.75,1962.0,2001.0
14,FRA,58.0,2630.090909090909,25.227272727272727,1970.7272727272727,2001.0
15,GEO,39.2,2657.6,14.2,1959.8,2001.0
16,GER,62.32,2621.64,14.44,1962.64,2001.0
17,HUN,36.53333333333333,2668.0,17.133333333333333,1975.8666666666666,2001.0
18,INA,100.0,2598.0,18.0,1965.0,2001.0
19,IND,28.833333333333332,2727.1666666666665,15.833333333333334,1973.0,2001.0
20,IRL,94.0,2598.0,20.0,1967.0,2001.0
21,ISR,46.94444444444444,2653.9444444444443,21.27777777777778,1971.4444444444443,2001.0
22,KAZ,76.0,2609.0,26.0,1961.25,2001.0
23,LTU,80.33333333333333,2609.3333333333335,27.666666666666668,1963.0,2001.0
24,MDA,24.0,2670.75,20.25,1971.0,2001.0
25,MKD,92.5,2600.25,9.5,1970.0,2001.0
26,NED,55.25,2636.9375,30.125,1968.0,2001.0
27,POL,47.0,2640.3333333333335,20.333333333333332,1967.6666666666667,2001.0
28,ROM,79.8,2608.6,16.4,1970.8,2001.0
29,RUS,42.75257731958763,2661.216494845361,16.371134020618555,1971.4226804123712,2001.0
30,SLO,38.25,2650.75,24.5,1953.0,2001.0
31,SUI,64.125,2620.375,25.5,1951.5,2001.0
32,SVK,65.5,2618.0,22.5,1957.0,2001.0
33,SWE,66.5,2620.5,16.75,1951.0,2001.0
34,UKR,50.81818181818182,2649.5454545454545,20.09090909090909,1968.909090909091,2001.0
35,USA,69.73333333333333,2616.0,13.333333333333334,1957.4666666666667,2001.0
36,UZB,18.0,2689.0,14.6,1975.6,2001.0
0,ARM,38.46153846153846,2655.153846153846,9.846153846153847,1961.5384615384614,2002.0
1,AZE,77.25,2613.75,11.5,1987.0,2002.0
2,BEL,55.2,2633.0,26.4,1961.0,2002.0
3,BIH,34.166666666666664,2655.6666666666665,12.333333333333334,1962.6666666666667,2002.0
4,BLR,65.33333333333333,2626.6666666666665,14.166666666666666,1973.1666666666667,2002.0
5,BRA,80.66666666666667,2612.0,11.666666666666666,1978.0,2002.0
6,BUL,14.333333333333334,2713.5,10.833333333333334,1971.6666666666667,2002.0
7,CHN,57.526315789473685,2635.8947368421054,7.2105263157894735,1970.8947368421052,2002.0
8,CRO,77.0,2606.0,34.0,1966.0,2002.0
9,CUB,85.75,2608.75,21.75,1982.75,2002.0
10,CZE,79.0,2613.75,15.5,1974.0,2002.0
11,DEN,65.125,2623.125,12.25,1968.5,2002.0
12,ENG,55.15,2651.05,8.65,1966.25,2002.0
13,ESP,30.75,2671.125,14.625,1977.0,2002.0
14,EST,101.0,2600.0,23.0,1962.0,2002.0
15,FRA,56.333333333333336,2634.904761904762,10.952380952380953,1971.095238095238,2002.0
16,GEO,39.2,2659.0,9.8,1960.8,2002.0
17,GER,67.22222222222223,2622.4444444444443,14.296296296296296,1962.0,2002.0
18,GRE,85.0,2601.0,17.0,1976.0,2002.0
19,HUN,34.266666666666666,2670.0,10.333333333333334,1974.3333333333333,2002.0
20,IND,19.142857142857142,2710.285714285714,20.428571428571427,1974.142857142857,2002.0
21,ISL,68.4,2620.8,10.8,1966.6,2002.0
22,ISR,20.166666666666668,2684.0833333333335,15.416666666666666,1971.0,2002.0
23,KAZ,91.0,2604.3333333333335,9.333333333333334,1967.6666666666667,2002.0
24,LTU,96.0,2598.0,24.0,1963.0,2002.0
25,MDA,48.25,2640.25,13.25,1971.0,2002.0
26,MKD,52.0,2638.6666666666665,10.0,1966.6666666666667,2002.0
27,NED,48.611111111111114,2643.3333333333335,18.555555555555557,1968.0,2002.0
28,POL,58.142857142857146,2631.4285714285716,24.571428571428573,1969.0,2002.0
29,ROM,77.66666666666667,2612.6666666666665,16.0,1975.5,2002.0
30,ROU,82.0,2608.0,30.5,1975.5,2002.0
31,RUS,43.26262626262626,2664.3030303030305,11.494949494949495,1971.5050505050506,2002.0
32,SLO,56.0,2636.0,22.0,1958.3333333333333,2002.0
33,SUI,66.85714285714286,2622.285714285714,20.142857142857142,1948.5714285714287,2002.0
34,SVK,65.75,2627.5,25.0,1967.5,2002.0
35,SWE,92.33333333333333,2603.0,11.333333333333334,1956.0,2002.0
36,UKR,49.77777777777778,2661.5555555555557,17.88888888888889,1971.2777777777778,2002.0
37,USA,69.56,2621.28,17.04,1963.52,2002.0
38,UZB,28.75,2668.75,9.75,1979.0,2002.0
0,ARM,52.1875,2645.75,12.0625,1966.25,2003.0
1,AZE,58.4,2634.6,17.0,1986.6,2003.0
2,BEL,57.8,2635.4,26.2,1961.0,2003.0
3,BIH,47.0,2644.25,18.25,1960.0,2003.0
4,BLR,51.4,2642.0,17.6,1972.8,2003.0
5,BRA,71.0,2622.0,14.666666666666666,1978.0,2003.0
6,BUL,5.25,2737.0,3.25,1975.0,2003.0
7,CHN,50.38461538461539,2647.0,14.384615384615385,1968.076923076923,2003.0
8,CRO,99.0,2601.0,18.0,1966.0,2003.0
9,CUB,88.85714285714286,2608.4285714285716,18.428571428571427,1982.5714285714287,2003.0
10,CYP,67.0,2626.0,37.0,1964.0,2003.0
11,CZE,95.33333333333333,2605.3333333333335,23.666666666666668,1980.0,2003.0
12,DEN,74.125,2620.125,15.25,1968.5,2003.0
13,ENG,53.31818181818182,2651.681818181818,10.727272727272727,1967.2727272727273,2003.0
14,ESP,24.375,2690.625,17.75,1977.0,2003.0
15,EST,98.0,2600.0,17.0,1962.0,2003.0
16,FRA,49.666666666666664,2645.8888888888887,17.666666666666668,1971.4444444444443,2003.0
17,GEO,55.75,2647.625,10.5,1964.375,2003.0
18,GER,64.35,2628.95,17.3,1964.55,2003.0
19,GRE,91.0,2609.0,78.0,1974.0,2003.0
20,HUN,35.4375,2680.0625,15.1875,1978.25,2003.0
21,IND,18.0,2714.0,18.75,1975.0,2003.0
22,ISL,53.333333333333336,2638.0,1.6666666666666667,1963.0,2003.0
23,ISR,35.61538461538461,2665.153846153846,17.615384615384617,1971.5384615384614,2003.0
24,KAZ,92.0,2607.3333333333335,6.666666666666667,1967.6666666666667,2003.0
25,LAT,74.0,2621.0,41.0,1976.0,2003.0
26,LTU,69.0,2624.5,23.0,1963.0,2003.0
27,MAR,85.5,2610.0,16.0,1972.0,2003.0
28,MDA,57.166666666666664,2638.8333333333335,26.166666666666668,1973.0,2003.0
29,MKD,56.0,2637.4,13.6,1966.0,2003.0
30,NED,47.23529411764706,2650.235294117647,20.529411764705884,1971.3529411764705,2003.0
31,PER,64.75,2628.75,13.75,1967.0,2003.0
32,POL,69.125,2623.375,24.625,1973.0,2003.0
33,ROM,47.666666666666664,2650.0,30.333333333333332,1976.0,2003.0
34,RUS,42.386138613861384,2668.29702970297,15.316831683168317,1973.069306930693,2003.0
35,SLO,34.5,2658.25,22.5,1953.0,2003.0
36,SUI,62.2,2629.8,22.6,1949.0,2003.0
37,SVK,53.5,2640.1666666666665,17.0,1971.0,2003.0
38,UKR,50.411764705882355,2659.529411764706,13.529411764705882,1972.235294117647,2003.0
39,USA,63.22222222222222,2630.1666666666665,12.333333333333334,1964.5,2003.0
40,UZB,26.25,2672.25,17.5,1979.0,2003.0
0,ARM,53.94444444444444,2647.3333333333335,10.722222222222221,1967.5555555555557,2004.0
1,AZE,39.5,2659.75,16.25,1986.0,2004.0
2,BEL,39.0,2659.75,20.0,1959.0,2004.0
3,BIH,38.5,2660.75,17.25,1960.0,2004.0
4,BLR,55.714285714285715,2646.714285714286,12.0,1972.5714285714287,2004.0
5,BRA,53.0,2643.5,5.25,1978.0,2004.0
6,BUL,28.333333333333332,2702.5,16.666666666666668,1972.6666666666667,2004.0
7,CHN,66.07692307692308,2636.076923076923,12.846153846153847,1970.7692307692307,2004.0
8,CRO,63.666666666666664,2632.3333333333335,17.666666666666668,1966.0,2004.0
9,CUB,68.0,2630.2,21.0,1982.6,2004.0
10,CYP,99.0,2607.0,18.0,1964.0,2004.0
11,CZE,87.5,2618.0,22.5,1985.0,2004.0
12,DEN,55.0,2639.875,14.125,1968.5,2004.0
13,ENG,49.0,2661.55,9.1,1970.6,2004.0
14,ESP,40.083333333333336,2672.4166666666665,14.25,1973.0,2004.0
15,EST,64.0,2631.0,30.0,1962.0,2004.0
16,FRA,46.94117647058823,2655.6470588235293,17.705882352941178,1976.235294117647,2004.0
17,GEO,64.5,2639.4,7.1,1970.0,2004.0
18,GER,71.0,2629.6666666666665,14.2,1966.6666666666667,2004.0
19,GRE,83.66666666666667,2618.3333333333335,36.333333333333336,1974.0,2004.0
20,HUN,41.94117647058823,2676.764705882353,14.588235294117647,1978.4117647058824,2004.0
21,IND,28.666666666666668,2706.8888888888887,10.88888888888889,1976.2222222222222,2004.0
22,ISL,61.5,2634.0,3.25,1963.0,2004.0
23,ISR,36.333333333333336,2671.4,12.133333333333333,1972.4,2004.0
24,KAZ,74.625,2623.875,6.75,1968.0,2004.0
25,LTU,77.33333333333333,2621.0,20.333333333333332,1963.0,2004.0
26,MDA,47.75,2650.25,23.25,1974.0,2004.0
27,MKD,61.0,2633.3333333333335,19.333333333333332,1965.0,2004.0
28,NED,48.583333333333336,2654.6666666666665,19.0,1970.0,2004.0
29,POL,70.22222222222223,2630.0,25.333333333333332,1970.7777777777778,2004.0
30,ROM,36.6,2670.8,20.4,1975.8,2004.0
31,RUS,44.54838709677419,2670.52688172043,14.666666666666666,1973.1935483870968,2004.0
32,SLO,43.4,2657.6,20.0,1957.6,2004.0
33,SUI,32.5,2669.5,26.75,1972.0,2004.0
34,SVK,55.75,2640.25,18.5,1978.0,2004.0
35,SWE,82.0,2616.0,19.0,1966.0,2004.0
36,UKR,47.75,2663.1,16.3,1978.9,2004.0
37,USA,71.73684210526316,2627.8947368421054,10.052631578947368,1965.9473684210527,2004.0
38,UZB,46.5,2648.5,17.5,1979.0,2004.0
0,ARG,90.0,2621.0,35.0,1981.0,2005.0
1,ARM,37.0,2674.5333333333333,16.066666666666666,1970.0666666666666,2005.0
2,AZE,35.0,2668.625,20.75,1986.0,2005.0
3,BEL,57.5,2646.25,26.25,1959.0,2005.0
4,BIH,55.0,2651.5,11.0,1960.0,2005.0
5,BLR,73.6,2631.0,21.0,1972.8,2005.0
6,BRA,65.2,2638.2,7.2,1975.0,2005.0
7,BUL,40.76923076923077,2687.4615384615386,25.846153846153847,1973.8461538461538,2005.0
8,CHN,67.4,2635.1,11.3,1976.4,2005.0
9,CUB,46.5,2656.625,18.125,1982.5,2005.0
10,CZE,50.5,2650.0,26.75,1985.0,2005.0
11,DEN,54.166666666666664,2646.8333333333335,14.833333333333334,1970.0,2005.0
12,ENG,47.76923076923077,2669.3076923076924,11.692307692307692,1972.6153846153845,2005.0
13,ESP,33.36363636363637,2677.2727272727275,14.363636363636363,1973.7272727272727,2005.0
14,EST,91.0,2620.0,39.5,1962.0,2005.0
15,FRA,49.473684210526315,2660.5789473684213,16.789473684210527,1977.1052631578948,2005.0
16,GEO,51.375,2650.875,18.0,1971.625,2005.0
17,GER,79.84615384615384,2627.153846153846,14.153846153846153,1967.0,2005.0
18,GRE,84.0,2626.0,44.0,1964.0,2005.0
19,HUN,46.733333333333334,2682.0666666666666,15.2,1978.1333333333334,2005.0
20,IND,33.833333333333336,2696.4166666666665,19.333333333333332,1978.6666666666667,2005.0
21,IRI,74.5,2628.0,56.0,1982.0,2005.0
22,ISL,85.25,2624.0,2.0,1963.0,2005.0
23,ISR,38.0625,2669.0625,21.625,1972.75,2005.0
24,KAZ,89.57142857142857,2620.714285714286,10.571428571428571,1964.7142857142858,2005.0
25,MDA,35.2,2676.0,23.8,1972.2,2005.0
26,NED,43.357142857142854,2663.785714285714,24.642857142857142,1968.142857142857,2005.0
27,PER,67.0,2637.0,37.0,1967.0,2005.0
28,POL,69.0909090909091,2638.090909090909,23.09090909090909,1972.6363636363637,2005.0
29,ROM,57.25,2652.0,12.875,1975.5,2005.0
30,RUS,44.18390804597701,2672.8735632183907,14.839080459770114,1974.3793103448277,2005.0
31,SLO,73.0,2632.0,28.0,1953.0,2005.0
32,SUI,70.75,2636.125,22.125,1951.5,2005.0
33,SVK,71.75,2633.0,21.75,1978.0,2005.0
34,TUR,91.0,2620.0,64.0,1964.0,2005.0
35,UKR,43.90625,2666.65625,23.15625,1981.65625,2005.0
36,USA,63.35,2643.8,16.7,1971.4,2005.0
37,UZB,32.0,2672.0,10.0,1979.0,2005.0
0,ARM,40.76470588235294,2684.0,15.352941176470589,1974.8235294117646,2006.0
1,AZE,31.333333333333332,2691.9166666666665,22.5,1986.0,2006.0
2,BIH,88.0,2626.0,15.5,1960.0,2006.0
3,BLR,70.66666666666667,2638.0,14.666666666666666,1973.0,2006.0
4,BRA,88.66666666666667,2624.6666666666665,20.333333333333332,1978.0,2006.0
5,BUL,46.5,2688.0,20.0625,1974.25,2006.0
6,CHN,74.0,2637.3333333333335,17.666666666666668,1982.6666666666667,2006.0
7,CUB,55.875,2651.875,14.0,1982.5,2006.0
8,CZE,30.25,2690.5,20.5,1985.0,2006.0
9,DEN,74.66666666666667,2636.0,9.0,1970.0,2006.0
10,ENG,19.375,2700.0,13.0,1968.0,2006.0
11,ESP,42.2,2674.8,16.3,1974.6,2006.0
12,EST,95.0,2619.0,39.0,1962.0,2006.0
13,FRA,54.85,2658.2,19.6,1976.0,2006.0
14,GEO,52.54545454545455,2654.2727272727275,18.09090909090909,1975.0,2006.0
15,GER,61.0,2649.285714285714,19.857142857142858,1972.0,2006.0
16,GRE,94.0,2622.0,34.0,1964.0,2006.0
17,HUN,23.083333333333332,2703.1666666666665,11.25,1977.0,2006.0
18,IND,19.166666666666668,2714.5,17.416666666666668,1978.6666666666667,2006.0
19,ISL,96.5,2619.0,0.0,1963.0,2006.0
20,ISR,48.785714285714285,2668.3571428571427,15.285714285714286,1972.142857142857,2006.0
21,KAZ,93.33333333333333,2621.3333333333335,9.333333333333334,1971.6666666666667,2006.0
22,MDA,46.0,2657.75,23.75,1971.0,2006.0
23,NED,46.733333333333334,2660.866666666667,24.866666666666667,1967.9333333333334,2006.0
24,NOR,51.0,2661.0,31.5,1990.0,2006.0
25,PER,75.5,2635.5,12.75,1967.0,2006.0
26,PHI,100.0,2617.5,10.5,1984.0,2006.0
27,POL,77.07142857142857,2634.285714285714,18.642857142857142,1976.5714285714287,2006.0
28,ROM,46.166666666666664,2668.8333333333335,16.166666666666668,1975.6666666666667,2006.0
29,RUS,45.19101123595506,2671.0224719101125,17.06741573033708,1975.123595505618,2006.0
30,SCG,87.0,2625.0,22.0,1961.0,2006.0
31,SLO,84.0,2628.0,13.25,1953.0,2006.0
32,SUI,76.25,2635.0,17.0,1972.0,2006.0
33,SVK,82.0,2631.0,13.75,1978.0,2006.0
34,TUR,77.85714285714286,2633.714285714286,33.0,1961.142857142857,2006.0
35,UKR,45.6,2668.542857142857,22.571428571428573,1982.142857142857,2006.0
36,USA,56.78947368421053,2653.5263157894738,12.947368421052632,1972.8947368421052,2006.0
37,UZB,33.5,2671.75,13.0,1979.0,2006.0
0,ARM,44.27777777777778,2681.6666666666665,13.722222222222221,1974.2222222222222,2007.0
1,AZE,22.75,2717.0,15.0,1986.0,2007.0
2,BIH,78.16666666666667,2638.8333333333335,15.666666666666666,1969.0,2007.0
3,BLR,94.0,2624.0,16.0,1972.0,2007.0
4,BUL,36.583333333333336,2694.3333333333335,14.166666666666666,1975.3333333333333,2007.0
5,CAN,80.0,2633.0,29.0,1954.0,2007.0
6,CHN,63.416666666666664,2651.2916666666665,22.291666666666668,1981.4166666666667,2007.0
7,CUB,31.0,2679.5,11.75,1983.0,2007.0
8,CZE,47.0,2674.0,15.4,1982.0,2007.0
9,DEN,72.5,2639.75,11.0,1970.75,2007.0
10,ENG,22.625,2704.5,12.625,1968.0,2007.0
11,ESP,26.75,2696.125,18.25,1977.0,2007.0
12,FRA,56.25,2658.1,13.0,1978.05,2007.0
13,GEO,77.0,2639.4615384615386,14.538461538461538,1979.3076923076924,2007.0
14,GER,73.83333333333333,2642.8333333333335,17.833333333333332,1980.6666666666667,2007.0
15,HUN,18.166666666666668,2714.9166666666665,10.666666666666666,1977.0,2007.0
16,IND,26.583333333333332,2711.6666666666665,14.0,1978.6666666666667,2007.0
17,ISR,58.1578947368421,2662.3684210526317,16.63157894736842,1974.2631578947369,2007.0
18,KAZ,94.5,2629.0,9.25,1962.5,2007.0
19,LAT,87.0,2630.5,11.5,1976.0,2007.0
20,MDA,59.75,2650.25,20.0,1971.0,2007.0
21,NED,50.2,2660.866666666667,22.733333333333334,1972.7333333333333,2007.0
22,NOR,19.75,2701.75,20.5,1990.0,2007.0
23,POL,66.625,2646.125,20.625,1977.375,2007.0
24,ROM,60.833333333333336,2656.3333333333335,18.833333333333332,1975.5,2007.0
25,ROU,71.0,2649.5,10.0,1975.5,2007.0
26,RUS,50.52272727272727,2670.9545454545455,16.636363636363637,1976.4545454545455,2007.0
27,SIN,93.0,2634.0,0.0,1978.0,2007.0
28,SLO,64.75,2646.5,10.0,1953.0,2007.0
29,SUI,45.6,2664.0,19.0,1963.8,2007.0
30,SVK,56.5,2654.0,27.5,1978.0,2007.0
31,TJK,85.0,2637.0,46.0,1978.0,2007.0
32,TUR,85.5,2633.5,21.25,1959.0,2007.0
33,UKR,46.54054054054054,2674.162162162162,22.45945945945946,1981.8108108108108,2007.0
34,USA,50.705882352941174,2664.1176470588234,17.823529411764707,1973.8235294117646,2007.0
35,UZB,29.0,2683.0,12.75,1979.0,2007.0
0,ARM,42.38461538461539,2690.153846153846,19.846153846153847,1978.7692307692307,2008.0
1,AZE,26.0,2716.0,24.571428571428573,1986.0,2008.0
2,BEL,98.0,2633.0,69.0,1977.0,2008.0
3,BIH,62.714285714285715,2657.5714285714284,23.0,1971.5714285714287,2008.0
4,BRA,97.5,2633.0,16.5,1978.0,2008.0
5,BUL,38.5,2701.285714285714,20.5,1974.7142857142858,2008.0
6,CHN,39.85,2687.15,27.55,1984.8,2008.0
7,CUB,25.25,2703.25,16.0,1983.0,2008.0
8,CZE,65.75,2657.75,23.5,1985.0,2008.0
9,DEN,76.33333333333333,2647.6666666666665,19.0,1973.0,2008.0
10,ENG,42.25,2690.75,18.0,1968.0,2008.0
11,ESP,32.25,2704.375,23.375,1977.0,2008.0
12,FIN,87.5,2639.0,27.0,1985.0,2008.0
13,FRA,51.8421052631579,2670.5789473684213,15.052631578947368,1980.3684210526317,2008.0
14,GEO,74.5,2645.75,12.625,1982.5,2008.0
15,GER,77.6,2645.7,26.8,1976.0,2008.0
16,GRE,95.0,2628.0,31.0,1964.0,2008.0
17,HUN,35.285714285714285,2698.714285714286,14.642857142857142,1978.142857142857,2008.0
18,IND,36.61538461538461,2709.076923076923,14.307692307692308,1979.0,2008.0
19,ISR,63.083333333333336,2661.7916666666665,21.875,1976.0,2008.0
20,ITA,87.0,2640.0,10.0,1992.0,2008.0
21,KAZ,92.33333333333333,2635.3333333333335,9.333333333333334,1973.3333333333333,2008.0
22,MDA,45.75,2674.0,17.0,1971.0,2008.0
23,NED,56.27272727272727,2663.5454545454545,25.272727272727273,1970.909090909091,2008.0
24,NOR,7.0,2764.75,27.75,1990.0,2008.0
25,POL,84.5,2638.5,25.0,1970.5,2008.0
26,ROU,61.857142857142854,2663.0,18.0,1975.5714285714287,2008.0
27,RUS,52.61224489795919,2677.295918367347,18.6734693877551,1975.8775510204082,2008.0
28,SIN,85.5,2640.5,21.5,1978.0,2008.0
29,SLO,80.0,2639.5,26.5,1953.0,2008.0
30,SRB,70.0,2650.0,22.8,1977.6,2008.0
31,SUI,32.0,2691.5,10.5,1972.0,2008.0
32,SVK,24.0,2706.75,28.75,1978.0,2008.0
33,TJK,77.33333333333333,2644.3333333333335,23.333333333333332,1978.0,2008.0
34,TUR,98.0,2632.5,25.0,1959.0,2008.0
35,UKR,42.39473684210526,2687.815789473684,22.44736842105263,1982.157894736842,2008.0
36,USA,54.0,2674.235294117647,14.411764705882353,1973.5882352941176,2008.0
37,UZB,41.25,2678.25,12.75,1979.0,2008.0
0,ARM,40.10526315789474,2701.0,17.36842105263158,1980.421052631579,2009.0
1,AZE,33.27272727272727,2711.5454545454545,13.409090909090908,1986.2727272727273,2009.0
2,BIH,81.375,2652.0,21.75,1979.875,2009.0
3,BLR,93.33333333333333,2642.6666666666665,20.333333333333332,1983.6666666666667,2009.0
4,BRA,90.0,2645.0,19.5,1983.0,2009.0
5,BUL,49.588235294117645,2703.705882352941,13.176470588235293,1974.8235294117646,2009.0
6,CHN,40.25,2695.875,18.125,1985.7083333333333,2009.0
7,CUB,22.2,2718.4,12.0,1983.0,2009.0
8,CZE,56.0,2675.6,14.2,1985.0,2009.0
9,DEN,51.4,2678.4,10.0,1973.0,2009.0
10,ENG,39.2,2692.8,17.0,1968.0,2009.0
11,ESP,24.6,2716.1,19.4,1977.0,2009.0
12,FIN,80.0,2649.5,14.0,1985.0,2009.0
13,FRA,49.3,2684.1,18.25,1981.75,2009.0
14,GEO,43.2,2686.4,10.2,1983.0,2009.0
15,GER,68.23529411764706,2663.1176470588234,19.470588235294116,1980.1176470588234,2009.0
16,HUN,42.8,2695.55,11.7,1979.0,2009.0
17,IND,38.1875,2710.125,14.75,1978.9375,2009.0
18,ISR,65.74193548387096,2668.7419354838707,17.774193548387096,1976.258064516129,2009.0
19,ITA,74.6,2655.8,23.2,1992.0,2009.0
20,KAZ,88.5,2648.0,12.0,1973.0,2009.0
21,MDA,41.6,2689.2,14.0,1971.0,2009.0
22,NED,64.36363636363636,2665.7272727272725,25.90909090909091,1972.909090909091,2009.0
23,NOR,3.2,2778.2,15.2,1990.0,2009.0
24,PER,92.5,2645.5,26.5,1967.0,2009.0
25,PHI,92.66666666666667,2643.6666666666665,20.0,1993.0,2009.0
26,POL,83.8,2648.6,20.2,1972.0,2009.0
27,ROU,55.6,2673.2,14.2,1976.0,2009.0
28,RUS,52.43801652892562,2685.2396694214876,15.694214876033058,1979.3553719008264,2009.0
29,SIN,69.0,2656.0,9.0,1978.0,2009.0
30,SLO,82.8,2650.4,21.0,1953.0,2009.0
31,SUI,70.8,2659.6,7.0,1972.0,2009.0
32,SVK,18.2,2728.6,19.0,1978.0,2009.0
33,TJK,88.75,2644.75,20.25,1978.0,2009.0
34,UKR,43.705882352941174,2692.235294117647,19.11764705882353,1982.0392156862745,2009.0
35,USA,47.5,2687.5,18.4,1975.5,2009.0
36,UZB,39.6,2692.2,20.0,1979.0,2009.0
0,ARM,42.35,2708.9,12.35,1979.5,2010.0
1,AZE,25.227272727272727,2728.818181818182,10.863636363636363,1986.3636363636363,2010.0
2,BIH,90.0,2648.0,20.666666666666668,1968.0,2010.0
3,BLR,86.5,2652.75,18.375,1983.0,2010.0
4,BRA,64.0,2660.0,20.0,1978.0,2010.0
5,BUL,47.22222222222222,2710.722222222222,12.0,1975.3333333333333,2010.0
6,CHN,46.75,2694.5,13.857142857142858,1986.4642857142858,2010.0
7,CUB,44.7,2695.4,13.3,1982.6,2010.0
8,CZE,40.5,2698.4,14.9,1986.2,2010.0
9,DEN,48.333333333333336,2688.6666666666665,5.833333333333333,1973.0,2010.0
10,ENG,47.0,2691.5,13.5,1970.2857142857142,2010.0
11,ESP,24.833333333333332,2720.25,14.583333333333334,1977.0,2010.0
12,FIN,95.0,2646.5,14.5,1985.0,2010.0
13,FRA,45.25,2694.875,13.666666666666666,1984.625,2010.0
14,GEO,32.666666666666664,2706.8333333333335,11.333333333333334,1983.0,2010.0
15,GER,78.0,2659.590909090909,15.681818181818182,1981.6363636363637,2010.0
16,HUN,39.541666666666664,2700.0833333333335,7.833333333333333,1979.0,2010.0
17,IND,54.083333333333336,2697.0833333333335,10.416666666666666,1979.75,2010.0
18,ISR,64.85185185185185,2677.037037037037,13.25925925925926,1975.148148148148,2010.0
19,ITA,44.5,2689.3333333333335,20.0,1992.0,2010.0
20,KAZ,99.0,2643.0,9.0,1973.0,2010.0
21,MDA,48.666666666666664,2685.8333333333335,17.166666666666668,1971.0,2010.0
22,NED,72.125,2664.25,14.5,1982.5,2010.0
23,NOR,15.0,2791.0,10.285714285714286,1990.0,2010.0
24,PER,99.0,2643.0,18.0,1967.0,2010.0
25,PHI,68.66666666666667,2666.1666666666665,14.333333333333334,1993.0,2010.0
26,POL,77.0,2662.214285714286,13.714285714285714,1978.9285714285713,2010.0
27,ROU,57.0,2676.3333333333335,13.0,1976.0,2010.0
28,RUS,50.39869281045752,2691.8039215686276,12.34640522875817,1981.2156862745098,2010.0
29,SLO,79.33333333333333,2653.0,14.333333333333334,1953.0,2010.0
30,SRB,102.0,2640.0,11.0,1980.0,2010.0
31,SUI,96.6,2644.0,1.2,1972.0,2010.0
32,SVK,25.5,2716.8333333333335,12.5,1978.0,2010.0
33,UKR,49.666666666666664,2692.0333333333333,12.05,1981.4333333333334,2010.0
34,USA,40.76190476190476,2699.6190476190477,10.523809523809524,1976.0,2010.0
35,UZB,41.333333333333336,2695.3333333333335,6.5,1979.0,2010.0
36,VIE,60.0,2675.5714285714284,15.285714285714286,1990.857142857143,2010.0
0,ARM,47.4,2711.92,8.32,1978.72,2011.0
1,AUT,85.0,2660.5,20.5,1988.0,2011.0
2,AZE,25.17391304347826,2736.0434782608695,6.869565217391305,1986.4347826086957,2011.0
3,BLR,69.75,2672.625,16.75,1987.5,2011.0
4,BUL,55.588235294117645,2701.235294117647,8.823529411764707,1974.7058823529412,2011.0
5,CHN,59.68571428571428,2686.3142857142857,19.114285714285714,1987.857142857143,2011.0
6,CUB,42.333333333333336,2700.6666666666665,10.333333333333334,1982.5,2011.0
7,CZE,40.333333333333336,2702.0833333333335,13.583333333333334,1986.5,2011.0
8,DEN,62.0,2680.3333333333335,9.5,1973.0,2011.0
9,ENG,52.68421052631579,2691.315789473684,12.052631578947368,1973.3684210526317,2011.0
10,ESP,31.583333333333332,2711.3333333333335,14.0,1977.0,2011.0
11,FIN,92.5,2656.0,2.0,1985.0,2011.0
12,FRA,55.58064516129032,2689.483870967742,13.161290322580646,1985.4516129032259,2011.0
13,GEO,39.5,2703.5,8.833333333333334,1983.0,2011.0
14,GER,74.45,2670.35,12.85,1982.3,2011.0
15,HUN,42.629629629629626,2701.074074074074,6.296296296296297,1979.5185185185185,2011.0
16,IND,51.23809523809524,2712.904761904762,9.523809523809524,1979.2857142857142,2011.0
17,ISR,56.958333333333336,2689.7916666666665,11.625,1974.0,2011.0
18,ITA,28.0,2716.8333333333335,19.0,1992.0,2011.0
19,MDA,69.0,2673.5,15.5,1971.0,2011.0
20,NED,58.64705882352941,2682.9411764705883,13.764705882352942,1980.5882352941176,2011.0
21,NOR,1.3333333333333333,2819.0,10.0,1990.0,2011.0
22,PHI,80.5,2663.1666666666665,16.0,1993.0,2011.0
23,POL,58.5,2687.7,12.8,1984.1,2011.0
24,ROU,82.16666666666667,2662.5,9.666666666666666,1980.0,2011.0
25,RUS,47.111111111111114,2701.3263888888887,11.45138888888889,1981.9375,2011.0
26,SRB,97.0,2650.0,24.5,1980.0,2011.0
27,SUI,97.0,2651.5,6.0,1972.0,2011.0
28,UKR,49.31578947368421,2699.1754385964914,13.894736842105264,1982.0526315789473,2011.0
29,USA,36.0,2718.7,11.55,1976.8,2011.0
30,UZB,61.166666666666664,2679.1666666666665,9.5,1979.0,2011.0
31,VEN,96.0,2656.0,17.0,1989.0,2011.0
32,VIE,47.857142857142854,2692.5714285714284,16.857142857142858,1990.857142857143,2011.0
0,ARM,49.976190476190474,2713.3571428571427,8.976190476190476,1979.2857142857142,2012.0
1,AUT,88.77777777777777,2662.4444444444443,10.88888888888889,1988.0,2012.0
2,AZE,12.518518518518519,2756.777777777778,4.962962962962963,1986.0,2012.0
3,BIH,103.0,2652.0,1.0,1960.0,2012.0
4,BLR,84.16666666666667,2666.8333333333335,7.083333333333333,1987.0,2012.0
5,BUL,49.96296296296296,2705.4814814814813,11.444444444444445,1975.3333333333333,2012.0
6,CHN,59.41818181818182,2690.3454545454547,9.327272727272728,1988.0181818181818,2012.0
7,CUB,31.72222222222222,2716.6666666666665,8.61111111111111,1982.5,2012.0
8,CZE,53.388888888888886,2693.722222222222,10.777777777777779,1986.5,2012.0
9,DEN,82.77777777777777,2668.3333333333335,5.0,1973.0,2012.0
10,ENG,46.59375,2700.34375,8.34375,1975.0625,2012.0
11,ESP,49.22222222222222,2697.1111111111113,9.555555555555555,1982.0,2012.0
12,FRA,62.660377358490564,2685.4716981132074,10.0,1983.3584905660377,2012.0
13,GEO,45.416666666666664,2702.25,11.583333333333334,1982.0,2012.0
14,GER,69.95652173913044,2678.695652173913,11.826086956521738,1978.7391304347825,2012.0
15,HUN,52.27450980392157,2696.098039215686,5.784313725490196,1979.7843137254902,2012.0
16,IND,52.27777777777778,2706.9444444444443,8.083333333333334,1981.6944444444443,2012.0
17,ISR,55.61538461538461,2695.6923076923076,6.653846153846154,1974.076923076923,2012.0
18,ITA,8.222222222222221,2770.4444444444443,16.0,1992.0,2012.0
19,LAT,36.22222222222222,2708.5555555555557,8.555555555555555,1972.0,2012.0
20,MDA,47.0,2702.0,12.444444444444445,1971.0,2012.0
21,NED,60.57142857142857,2687.6857142857143,13.4,1977.0,2012.0
22,NOR,1.0,2840.1111111111113,6.555555555555555,1990.0,2012.0
23,PER,97.33333333333333,2655.6666666666665,8.333333333333334,1967.0,2012.0
24,PHI,85.14285714285714,2666.0,7.714285714285714,1993.0,2012.0
25,POL,51.4,2697.266666666667,10.4,1986.2,2012.0
26,ROU,83.0,2668.6666666666665,15.666666666666666,1976.0,2012.0
27,RUS,48.20952380952381,2706.9238095238097,7.023809523809524,1982.1380952380953,2012.0
28,SUI,100.0,2652.6666666666665,0.0,1972.0,2012.0
29,UKR,45.48192771084337,2705.421686746988,8.19277108433735,1982.5180722891566,2012.0
30,USA,43.1875,2718.78125,8.0625,1980.125,2012.0
31,UZB,70.53846153846153,2678.769230769231,6.538461538461538,1981.4615384615386,2012.0
32,VEN,95.0,2656.0,21.0,1989.0,2012.0
33,VIE,56.166666666666664,2690.5833333333335,8.916666666666666,1990.75,2012.0
0,ARM,52.0,2708.0877192982457,4.280701754385965,1979.4561403508771,2013.0
1,AUT,76.63636363636364,2667.818181818182,7.0,1988.0,2013.0
2,AZE,34.86486486486486,2728.108108108108,5.4324324324324325,1987.081081081081,2013.0
3,BLR,80.08333333333333,2665.6666666666665,8.5,1989.0,2013.0
4,BUL,40.142857142857146,2721.214285714286,7.071428571428571,1978.2857142857142,2013.0
5,CHN,51.6025641025641,2696.730769230769,6.333333333333333,1988.8461538461538,2013.0
6,CUB,34.333333333333336,2717.2916666666665,8.416666666666666,1982.5,2013.0
7,CZE,53.25,2692.4166666666665,8.041666666666666,1986.5,2013.0
8,DEN,91.22222222222223,2656.222222222222,2.111111111111111,1973.0,2013.0
9,EGY,98.0,2653.0,4.5,1988.0,2013.0
10,ENG,47.282051282051285,2703.2820512820513,5.564102564102564,1974.3846153846155,2013.0
11,ESP,48.333333333333336,2700.8333333333335,3.75,1982.0,2013.0
12,FRA,57.61764705882353,2690.3676470588234,8.029411764705882,1984.1617647058824,2013.0
13,GEO,50.666666666666664,2698.0833333333335,3.75,1983.0,2013.0
14,GER,54.55,2691.8,6.4,1982.65,2013.0
15,HUN,52.43076923076923,2696.4461538461537,5.015384615384615,1981.5692307692307,2013.0
16,IND,49.41463414634146,2708.8048780487807,5.804878048780488,1980.4146341463415,2013.0
17,ISR,60.82051282051282,2692.974358974359,5.717948717948718,1973.4615384615386,2013.0
18,ITA,6.916666666666667,2777.6666666666665,10.916666666666666,1992.0,2013.0
19,LAT,47.916666666666664,2699.25,4.083333333333333,1972.0,2013.0
20,MDA,72.91666666666667,2673.0833333333335,2.4166666666666665,1971.0,2013.0
21,NED,54.55882352941177,2695.176470588235,8.529411764705882,1979.764705882353,2013.0
22,NOR,1.0,2867.25,5.75,1990.0,2013.0
23,PER,74.5,2671.125,7.625,1967.0,2013.0
24,PHI,43.583333333333336,2704.1666666666665,5.666666666666667,1993.0,2013.0
25,POL,64.9047619047619,2683.714285714286,7.285714285714286,1986.0,2013.0
26,ROU,71.61538461538461,2673.5384615384614,9.153846153846153,1976.6153846153845,2013.0
27,RUS,50.29794520547945,2703.6746575342468,5.22945205479452,1983.109589041096,2013.0
28,SLO,99.66666666666667,2651.0,6.666666666666667,1964.6666666666667,2013.0
29,SRB,94.5,2654.0,7.5,1977.0,2013.0
30,UKR,46.12820512820513,2703.5555555555557,6.333333333333333,1982.4358974358975,2013.0
31,USA,43.765957446808514,2714.0425531914893,5.48936170212766,1980.8510638297873,2013.0
32,UZB,56.5,2689.8125,3.125,1980.75,2013.0
33,VEN,93.42857142857143,2655.5714285714284,10.714285714285714,1989.0,2013.0
34,VIE,37.083333333333336,2708.0,4.916666666666667,1991.0,2013.0
0,ARM,58.2037037037037,2702.777777777778,5.907407407407407,1979.5740740740741,2014.0
1,AUT,93.25,2657.25,7.5,1988.0,2014.0
2,AZE,47.12820512820513,2707.4102564102564,5.17948717948718,1987.179487179487,2014.0
3,BLR,68.75,2675.0,6.916666666666667,1989.0,2014.0
4,BUL,42.92857142857143,2721.3214285714284,5.642857142857143,1978.7142857142858,2014.0
5,CHN,47.577777777777776,2700.9555555555557,6.411111111111111,1988.8555555555556,2014.0
6,CRO,71.81818181818181,2671.0,6.454545454545454,1990.0,2014.0
7,CUB,43.4,2712.96,7.48,1982.56,2014.0
8,CZE,51.916666666666664,2695.2083333333335,6.958333333333333,1986.5,2014.0
9,DEN,98.0,2653.625,0.625,1973.0,2014.0
10,EGY,83.0,2662.3333333333335,9.666666666666666,1988.0,2014.0
11,ENG,66.13461538461539,2685.076923076923,3.730769230769231,1977.9807692307693,2014.0
12,ESP,44.833333333333336,2703.5,5.25,1982.0,2014.0
13,FRA,52.5735294117647,2700.0588235294117,7.0,1984.25,2014.0
14,GEO,43.142857142857146,2705.6428571428573,7.785714285714286,1982.4285714285713,2014.0
15,GER,48.78947368421053,2699.1052631578946,9.578947368421053,1981.6842105263158,2014.0
16,HUN,58.47222222222222,2689.8888888888887,5.361111111111111,1983.1944444444443,2014.0
17,IND,38.575,2721.175,4.675,1980.1,2014.0
18,ISR,54.705882352941174,2698.794117647059,6.029411764705882,1976.5882352941176,2014.0
19,ITA,3.8333333333333335,2800.5,7.666666666666667,1992.0,2014.0
20,LAT,44.083333333333336,2701.4166666666665,6.666666666666667,1972.0,2014.0
21,MDA,88.4,2658.4,3.2,1971.0,2014.0
22,NED,58.44117647058823,2695.6470588235293,7.647058823529412,1980.4411764705883,2014.0
23,NOR,1.0,2873.4166666666665,4.583333333333333,1990.0,2014.0
24,PER,71.18181818181819,2674.0,8.0,1967.0,2014.0
25,PHI,17.9,2741.7,5.0,1993.0,2014.0
26,POL,51.857142857142854,2698.285714285714,8.428571428571429,1985.142857142857,2014.0
27,ROU,62.6,2684.0,3.8,1977.6,2014.0
28,RUS,48.80952380952381,2704.329931972789,5.363945578231292,1983.5850340136055,2014.0
29,SLO,90.125,2656.875,3.875,1988.0,2014.0
30,UKR,50.07272727272727,2699.1181818181817,6.090909090909091,1982.2636363636364,2014.0
31,USA,46.09756097560975,2712.829268292683,5.926829268292683,1979.8048780487804,2014.0
32,UZB,47.666666666666664,2700.5,4.0,1979.0,2014.0
33,VEN,96.0,2655.3333333333335,9.333333333333334,1989.0,2014.0
34,VIE,56.1875,2692.4375,3.9375,1990.75,2014.0
0,ARM,61.3469387755102,2693.326530612245,5.979591836734694,1981.2448979591836,2015.0
1,AUT,61.4,2681.3,8.8,1988.0,2015.0
2,AZE,41.86842105263158,2713.342105263158,6.342105263157895,1986.7631578947369,2015.0
3,BLR,87.25,2660.5,4.75,1989.0,2015.0
4,BUL,31.583333333333332,2743.2083333333335,4.791666666666667,1980.5,2015.0
5,CAN,71.25,2672.0,4.5,1966.0,2015.0
6,CHN,35.03703703703704,2717.324074074074,5.916666666666667,1990.2222222222222,2015.0
7,CRO,78.66666666666667,2666.3333333333335,8.333333333333334,1990.0,2015.0
8,CUB,46.541666666666664,2703.2916666666665,6.541666666666667,1982.5,2015.0
9,CZE,50.208333333333336,2699.7916666666665,8.333333333333334,1986.5,2015.0
10,DEN,95.72727272727273,2655.090909090909,0.8181818181818182,1973.0,2015.0
11,EGY,83.5,2661.0,10.0,1988.0,2015.0
12,ENG,58.03225806451613,2688.8225806451615,4.612903225806452,1977.1290322580646,2015.0
13,ESP,52.333333333333336,2691.0833333333335,6.583333333333333,1982.0,2015.0
14,FRA,48.59183673469388,2703.673469387755,6.979591836734694,1982.5510204081634,2015.0
15,GEO,55.5,2688.75,8.416666666666666,1983.0,2015.0
16,GER,74.61538461538461,2673.3076923076924,6.076923076923077,1982.2307692307693,2015.0
17,HUN,59.06666666666667,2685.366666666667,3.7666666666666666,1983.1166666666666,2015.0
18,IND,40.97727272727273,2722.7954545454545,4.045454545454546,1983.3636363636363,2015.0
19,ISR,56.77777777777778,2692.472222222222,5.638888888888889,1976.4444444444443,2015.0
20,ITA,2.1666666666666665,2807.1666666666665,8.333333333333334,1992.0,2015.0
21,LAT,57.69565217391305,2686.9565217391305,7.086956521739131,1979.6521739130435,2015.0
22,MDA,96.0,2654.0,9.0,1971.0,2015.0
23,NED,42.77272727272727,2730.0,9.0,1984.1818181818182,2015.0
24,NOR,25.05,2786.7,5.45,1990.0,2015.0
25,PER,78.0,2666.285714285714,10.428571428571429,1967.0,2015.0
26,POL,41.0,2714.470588235294,7.117647058823529,1988.235294117647,2015.0
27,RUS,50.0886524822695,2702.1631205673757,5.361702127659575,1985.3297872340424,2015.0
28,SRB,82.28571428571429,2660.4285714285716,8.285714285714286,1977.0,2015.0
29,UKR,52.84466019417476,2695.4660194174758,6.184466019417476,1982.5922330097087,2015.0
30,USA,47.49315068493151,2717.6301369863013,6.602739726027397,1985.7808219178082,2015.0
31,UZB,40.75,2706.0833333333335,2.1666666666666665,1979.0,2015.0
32,VIE,64.1,2681.2,3.8,1990.6,2015.0
0,ARM,57.92156862745098,2698.9411764705883,4.03921568627451,1979.1176470588234,2016.0
1,AUT,48.0,2691.3333333333335,8.083333333333334,1988.0,2016.0
2,AZE,49.0,2702.214285714286,6.589285714285714,1987.357142857143,2016.0
3,BIH,102.0,2655.0,3.0,1987.0,2016.0
4,BLR,87.66666666666667,2662.0,9.833333333333334,1989.0,2016.0
5,BUL,32.916666666666664,2725.1666666666665,5.333333333333333,1980.5,2016.0
6,CAN,68.83333333333333,2672.75,0.8333333333333334,1966.0,2016.0
7,CHN,36.72115384615385,2717.8173076923076,6.75,1990.076923076923,2016.0
8,CRO,82.4,2664.2,9.0,1990.0,2016.0
9,CUB,38.666666666666664,2712.3333333333335,4.222222222222222,1982.6666666666667,2016.0
10,CZE,51.54545454545455,2701.3636363636365,7.0,1986.3636363636363,2016.0
11,EGY,94.3,2657.4,7.1,1988.0,2016.0
12,ENG,64.08620689655173,2683.0,4.120689655172414,1977.155172413793,2016.0
13,ESP,47.38461538461539,2697.769230769231,7.461538461538462,1982.6923076923076,2016.0
14,FRA,49.854166666666664,2709.125,4.895833333333333,1981.75,2016.0
15,GEO,65.08333333333333,2677.4166666666665,5.916666666666667,1983.0,2016.0
16,GER,76.71428571428571,2668.3809523809523,6.095238095238095,1980.7142857142858,2016.0
17,HUN,38.80555555555556,2708.1666666666665,4.222222222222222,1983.6666666666667,2016.0
18,IND,58.49315068493151,2698.821917808219,5.863013698630137,1985.7397260273972,2016.0
19,ISR,50.34146341463415,2696.2926829268295,5.853658536585366,1975.7317073170732,2016.0
20,LAT,66.5,2674.909090909091,7.5,1979.2727272727273,2016.0
21,MDA,98.33333333333333,2654.8333333333335,3.0,1971.0,2016.0
22,NED,37.95238095238095,2731.6190476190477,8.80952380952381,1984.5714285714287,2016.0
23,NOR,17.833333333333332,2797.6666666666665,5.888888888888889,1990.0,2016.0
24,PAR,97.0,2656.0,33.0,1989.0,2016.0
25,PER,56.55555555555556,2684.4444444444443,8.11111111111111,1969.6666666666667,2016.0
26,POL,60.36842105263158,2688.2368421052633,6.921052631578948,1992.157894736842,2016.0
27,RUS,48.67910447761194,2704.305970149254,4.809701492537314,1984.2537313432836,2016.0
28,SGP,99.0,2651.0,14.0,1978.0,2016.0
29,SRB,85.0,2662.1111111111113,5.777777777777778,1980.3333333333333,2016.0
30,TUR,94.66666666666667,2657.6666666666665,5.166666666666667,1993.0,2016.0
31,UAE,97.0,2656.0,9.0,1993.0,2016.0
32,UKR,52.68888888888889,2696.5,6.044444444444444,1982.2888888888888,2016.0
33,USA,43.38961038961039,2725.0779220779223,6.116883116883117,1987.2857142857142,2016.0
34,UZB,44.5,2696.75,2.3333333333333335,1979.0,2016.0
35,VEN,94.0,2658.0,16.0,1989.0,2016.0
36,VIE,33.25,2717.4166666666665,3.0833333333333335,1991.0,2016.0
0,ARG,89.0,2661.5,13.5,1987.0,2017.0
1,ARM,55.13636363636363,2702.7727272727275,4.545454545454546,1978.090909090909,2017.0
2,AUT,57.5,2685.8333333333335,9.166666666666666,1988.0,2017.0
3,AZE,41.733333333333334,2710.766666666667,5.766666666666667,1987.4,2017.0
4,BLR,88.0,2662.0,9.0,1989.0,2017.0
5,BUL,36.416666666666664,2716.0,4.166666666666667,1980.5,2017.0
6,CAN,85.33333333333333,2666.0,0.0,1966.0,2017.0
7,CHN,38.10204081632653,2714.6530612244896,6.448979591836735,1989.8367346938776,2017.0
8,CUB,21.166666666666668,2739.0,0.0,1983.0,2017.0
9,CZE,53.0,2700.5833333333335,5.666666666666667,1986.5,2017.0
10,EGY,86.0,2665.1666666666665,8.166666666666666,1988.0,2017.0
11,ENG,58.58620689655172,2691.206896551724,7.172413793103448,1977.0689655172414,2017.0
12,ESP,53.1,2693.9,7.1,1987.2,2017.0
13,FRA,57.608695652173914,2706.478260869565,5.391304347826087,1981.7826086956522,2017.0
14,GEO,40.333333333333336,2705.8333333333335,7.833333333333333,1983.0,2017.0
15,GER,59.833333333333336,2682.1666666666665,4.5,1976.0,2017.0
16,HUN,49.89473684210526,2694.7894736842104,5.2631578947368425,1983.7368421052631,2017.0
17,IND,56.23684210526316,2702.157894736842,4.973684210526316,1985.4473684210527,2017.0
18,ISR,51.421052631578945,2696.1052631578946,6.842105263157895,1975.1052631578948,2017.0
19,LAT,73.75,2673.0833333333335,9.916666666666666,1980.0,2017.0
20,NED,41.583333333333336,2723.6666666666665,8.666666666666666,1983.0,2017.0
21,NOR,1.0,2836.3333333333335,3.3333333333333335,1990.0,2017.0
22,PER,100.0,2655.6,5.8,1976.6,2017.0
23,POL,37.25,2714.5833333333335,5.25,1992.5,2017.0
24,RUS,49.79259259259259,2706.525925925926,4.437037037037037,1984.7851851851851,2017.0
25,SRB,78.16666666666667,2670.0,5.833333333333333,1983.0,2017.0
26,SWE,92.5,2660.0,14.5,1993.0,2017.0
27,TUR,92.83333333333333,2660.5,3.0,1993.0,2017.0
28,UAE,98.5,2656.0,0.0,1993.0,2017.0
29,UKR,42.292682926829265,2708.390243902439,5.463414634146342,1981.6097560975609,2017.0
30,USA,51.53061224489796,2720.0408163265306,7.244897959183674,1987.795918367347,2017.0
31,UZB,49.0,2694.8333333333335,3.0,1979.0,2017.0
32,VEN,80.25,2667.5,14.25,1989.0,2017.0
33,VIE,29.833333333333332,2720.0,3.0,1991.0,2017.0
